{"loss": [7.557575702667236, 3.5818657875061035, 3.578660488128662, 3.572587013244629, 3.5648701190948486, 3.557302951812744, 3.5406854152679443, 3.5347681045532227, 3.5199360847473145, 3.4960601329803467, 3.473942279815674, 3.442016839981079, 3.4047088623046875, 3.3505778312683105, 3.305227041244507, 3.268345832824707, 3.173682689666748, 3.106851100921631, 3.032819986343384, 2.9443342685699463, 2.8814008235931396, 2.7381796836853027, 2.5931477546691895, 2.546917676925659, 2.442047119140625, 2.2409937381744385, 2.120201587677002, 2.107400417327881, 1.965508222579956, 1.8262524604797363, 1.7513900995254517, 1.717895746231079], "accuracy": [0.026645265519618988, 0.024398073554039, 0.028892455622553825, 0.03210273012518883, 0.03338683769106865, 0.03467094525694847, 0.04494382068514824, 0.04847512021660805, 0.05104333907365799, 0.0638844296336174, 0.06195826828479767, 0.07383627444505692, 0.08635634183883667, 0.10144462436437607, 0.11428571492433548, 0.12295345216989517, 0.15377207100391388, 0.16597110033035278, 0.19069020450115204, 0.1974317878484726, 0.21508827805519104, 0.24494382739067078, 0.28539326786994934, 0.2972712814807892, 0.33772069215774536, 0.38587480783462524, 0.40963080525398254, 0.4199036955833435, 0.46035313606262207, 0.5008025765419006, 0.5248796343803406, 0.5370786786079407], "val_loss": [3.5834848880767822, 3.5823984146118164, 3.560298442840576, 3.545478582382202, 3.5568416118621826, 3.541963577270508, 3.5453760623931885, 3.493279457092285, 3.5202486515045166, 3.4380881786346436, 3.4728198051452637, 3.421438455581665, 3.344442367553711, 3.223328113555908, 3.089282751083374, 2.969991683959961, 2.893221139907837, 2.7753145694732666, 2.7761857509613037, 2.598423480987549, 2.4773592948913574, 2.287593364715576, 2.138122797012329, 2.0399115085601807, 1.9459547996520996, 1.8288016319274902, 1.8683362007141113, 1.5832500457763672, 1.6131327152252197, 1.4499908685684204, 1.4364423751831055, 1.3837738037109375], "val_accuracy": [0.028490029275417328, 0.028490029275417328, 0.03418803587555885, 0.03988603875041008, 0.04273504391312599, 0.04273504391312599, 0.03988603875041008, 0.056980058550834656, 0.06267806142568588, 0.08547008782625198, 0.0683760717511177, 0.07692307978868484, 0.11965811997652054, 0.1538461595773697, 0.202279195189476, 0.25071224570274353, 0.25356125831604004, 0.2877492904663086, 0.2877492904663086, 0.3390313386917114, 0.3532763421535492, 0.43589743971824646, 0.4643874764442444, 0.5014244914054871, 0.5384615659713745, 0.5384615659713745, 0.5356125235557556, 0.6125355958938599, 0.6182336211204529, 0.6695156693458557, 0.7008547186851501, 0.6894586682319641]}